Id,IsDeleted,MasterRecordId,AccountId,LastName,FirstName,Salutation,Name,OtherStreet,OtherCity,OtherState,OtherPostalCode,OtherCountry,OtherLatitude,OtherLongitude,OtherGeocodeAccuracy,OtherAddress,MailingStreet,MailingCity,MailingState,MailingPostalCode,MailingCountry,MailingLatitude,MailingLongitude,MailingGeocodeAccuracy,MailingAddress,Phone,Fax,MobilePhone,HomePhone,OtherPhone,AssistantPhone,ReportsToId,Email,Title,Department,AssistantName,LeadSource,Birthdate,Description,OwnerId,CreatedDate,CreatedById,LastModifiedDate,LastModifiedById,SystemModstamp,LastActivityDate,LastCURequestDate,LastCUUpdateDate,LastViewedDate,LastReferencedDate,EmailBouncedReason,EmailBouncedDate,IsEmailBounced,PhotoUrl,Jigsaw,JigsawContactId,CleanStatus,IndividualId,jzjan2025__Level__c,jzjan2025__Languages__c,jzjan2025__Average_Room_Cost__c,jzjan2025__External_Id__c,jzjan2025__Guest_Summary__c,jzjan2025__Guest_Type__c,jzjan2025__Interest_1__c,jzjan2025__Interest_2__c,jzjan2025__Interest_3__c,jzjan2025__Interests__c,jzjan2025__Lifetime_Reservations__c,jzjan2025__Lifetime_Booking_Count__c,jzjan2025__Lifetime_Value__c,jzjan2025__Maximum_Room_Cost__c,jzjan2025__Minimum_Room_Cost__c,jzjan2025__Next_Check_in_Date__c,jzjan2025__Photo_URL__c,jzjan2025__Preferred_Name__c,jzjan2025__Traveler_Profile__c
003F900001oSqrkIAC,,,001F900001pMcLZIA0,Waddingham,Kitti,,Kitti Waddingham,,,,,,,,,,1102 Lighthouse Bay Park,Chicago,Illinois,60657,United States,,,,"{""city"":""Chicago"",""country"":""United States"",""geocodeAccuracy"":null,""latitude"":null,""longitude"":null,""postalCode"":""60657"",""state"":""Illinois"",""street"":""1102 Lighthouse Bay Park""}",,,135-115-9482,135-115-9482,,,,kittiwaddingham@example.com,,,,Corporate Booking,1991-05-20,,005F900000AExM4IAL,2025-02-01T13:22:17.000+0000,005F900000AExM4IAL,2025-02-01T13:22:17.000+0000,005F900000AExM4IAL,2025-02-01T13:22:17.000+0000,,,,,,,,,/services/images/photo/003F900001oSqrkIAC,,,Pending,,,,,10007460,,Solitude Seekers,Water Sports,Relaxation & Quiet Zones,Fitness & Exercise,,,,,,,,,Kitti,
003F900001oSqrlIAC,,,001F900001pMcLaIAK,D'Ruel,Raf,,Raf D'Ruel,,,,,,,,,,18945 Vermont Way,Palm Bay,Florida,32909,United States,,,,"{""city"":""Palm Bay"",""country"":""United States"",""geocodeAccuracy"":null,""latitude"":null,""longitude"":null,""postalCode"":""32909"",""state"":""Florida"",""street"":""18945 Vermont Way""}",,,(824) 695-8052,(824) 695-8052,,,,rafd'ruel@example.com,,,,Partnerships,1987-06-27,,005F900000AExM4IAL,2025-02-01T13:22:17.000+0000,005F900000AExM4IAL,2025-02-01T13:22:17.000+0000,005F900000AExM4IAL,2025-02-01T13:22:17.000+0000,,,,,,,,,/services/images/photo/003F900001oSqrlIAC,,,Pending,,,,,10007480,,Romance Retreaters,Cultural Tours & Workshops,Water Sports,Nightlife & Entertainment,,,,,,,,,Raf,
003F900001oSqrmIAC,,,001F900001pMcLbIAK,Iannetti,Tomas,,Tomas Iannetti,,,,,,,,,,140 Johnson Plaza,Birmingham,Alabama,35290,United States,,,,"{""city"":""Birmingham"",""country"":""United States"",""geocodeAccuracy"":null,""latitude"":null,""longitude"":null,""postalCode"":""35290"",""state"":""Alabama"",""street"":""140 Johnson Plaza""}",,,(420) 288-7735,(420) 288-7735,,,,tomasiannetti@example.com,,,,Travel Agency,1965-10-15,,005F900000AExM4IAL,2025-02-01T13:22:17.000+0000,005F900000AExM4IAL,2025-02-01T13:22:17.000+0000,005F900000AExM4IAL,2025-02-01T13:22:17.000+0000,,,,,,,,,/services/images/photo/003F900001oSqrmIAC,,,Pending,,,,,10006389,,Eco-Luxury Travelers,Dining Experiences,Cultural Tours & Workshops,Spa & Wellness,,,,,,,,,Tomas,
003F900001oSqrnIAC,,,001F900001pMcLcIAK,Nacci,Curcio,,Curcio Nacci,,,,,,,,,,44 Stephen Terrace,Newark,New Jersey,07188,United States,,,,"{""city"":""Newark"",""country"":""United States"",""geocodeAccuracy"":null,""latitude"":null,""longitude"":null,""postalCode"":""07188"",""state"":""New Jersey"",""street"":""44 Stephen Terrace""}",,,(944) 892-9609,(944) 892-9609,,,,curcionacci@example.com,,,,Online Travel Agent,2044-08-21,,005F900000AExM4IAL,2025-02-01T13:22:17.000+0000,005F900000AExM4IAL,2025-02-01T13:22:17.000+0000,005F900000AExM4IAL,2025-02-01T13:22:17.000+0000,,,,,,,,,/services/images/photo/003F900001oSqrnIAC,,,Pending,,,,,10007130,,Celebration Groups,Dining Experiences,Nature & Eco Tours,Swimming Pools,,,,,,,,,Curcio,
003F900001oSqrpIAC,,,001F900001pMcLeIAK,Cakebread,Towny,,Towny Cakebread,,,,,,,,,,92 Holy Cross Point,El Paso,Texas,79968,United States,,,,"{""city"":""El Paso"",""country"":""United States"",""geocodeAccuracy"":null,""latitude"":null,""longitude"":null,""postalCode"":""79968"",""state"":""Texas"",""street"":""92 Holy Cross Point""}",,,(458) 102-1460,(458) 102-1460,,,,townycakebread@example.com,,,,Direct Mail,1981-11-18,,005F900000AExM4IAL,2025-02-01T13:22:17.000+0000,005F900000AExM4IAL,2025-02-01T13:22:17.000+0000,005F900000AExM4IAL,2025-02-01T13:22:17.000+0000,,,,,,,,,/services/images/photo/003F900001oSqrpIAC,,,Pending,,,,,10004164,,Romance Retreaters,Cultural Tours & Workshops,Adventure Activities,Swimming Pools,,,,,,,,,Towny,
003F900001oSqrqIAC,,,001F900001pMcLfIAK,O'Callaghan,Shelli,,Shelli O'Callaghan,,,,,,,,,,7 Linden Court,Charlotte,North Carolina,28242,United States,,,,"{""city"":""Charlotte"",""country"":""United States"",""geocodeAccuracy"":null,""latitude"":null,""longitude"":null,""postalCode"":""28242"",""state"":""North Carolina"",""street"":""7 Linden Court""}",,,(337) 887-5484,(337) 887-5484,,,,shellio'callaghan@example.com,,,,Travel Agency,1973-10-28,,005F900000AExM4IAL,2025-02-01T13:22:17.000+0000,005F900000AExM4IAL,2025-02-01T13:22:17.000+0000,005F900000AExM4IAL,2025-02-01T13:22:17.000+0000,,,,,,,,,/services/images/photo/003F900001oSqrqIAC,,,Pending,,,,,10002533,,Cultural Connoisseurs,Dining Experiences,Adventure Activities,Cultural Tours & Workshops,,,,,,,,,Shelli,
003F900001oSqrrIAC,,,001F900001pMcLgIAK,Eagleston,Roddy,,Roddy Eagleston,,,,,,,,,,749 Duke Terrace,Austin,Texas,78749,United States,,,,"{""city"":""Austin"",""country"":""United States"",""geocodeAccuracy"":null,""latitude"":null,""longitude"":null,""postalCode"":""78749"",""state"":""Texas"",""street"":""749 Duke Terrace""}",,,(477) 949-2872,(477) 949-2872,,,,roddyeagleston@example.com,,,,Website,1957-10-19,,005F900000AExM4IAL,2025-02-01T13:22:17.000+0000,005F900000AExM4IAL,2025-02-01T13:22:17.000+0000,005F900000AExM4IAL,2025-02-01T13:22:17.000+0000,,,,,,,,,/services/images/photo/003F900001oSqrrIAC,,,Pending,,,,,10003210,,Business and Pleasure Travelers,Dining Experiences,Cultural Tours & Workshops,Water Sports,,,,,,,,,Roddy,
003F900001oSqrsIAC,,,001F900001pMcLhIAK,Labrow,Enrica,,Enrica Labrow,,,,,,,,,,3 Spaight Circle,Winston Salem,North Carolina,27116,United States,,,,"{""city"":""Winston Salem"",""country"":""United States"",""geocodeAccuracy"":null,""latitude"":null,""longitude"":null,""postalCode"":""27116"",""state"":""North Carolina"",""street"":""3 Spaight Circle""}",,,(886) 132-3994,(886) 132-3994,,,,enricalabrow@example.com,,,,Advertising,1981-04-11,,005F900000AExM4IAL,2025-02-01T13:22:17.000+0000,005F900000AExM4IAL,2025-02-01T13:22:17.000+0000,005F900000AExM4IAL,2025-02-01T13:22:17.000+0000,,,,,,,,,/services/images/photo/003F900001oSqrsIAC,,,Pending,,,,,10001714,,Tech-Savvy Explorers,Dining Experiences,Adventure Activities,Cultural Tours & Workshops,,,,,,,,,Enrica,
003F900001oSqrtIAC,,,001F900001pMcLiIAK,Galgey,Ilsa,,Ilsa Galgey,,,,,,,,,,086 Del Sol Hill,Saginaw,Michigan,48609,United States,,,,"{""city"":""Saginaw"",""country"":""United States"",""geocodeAccuracy"":null,""latitude"":null,""longitude"":null,""postalCode"":""48609"",""state"":""Michigan"",""street"":""086 Del Sol Hill""}",,,(210) 169-1271,(210) 169-1271,,,,ilsagalgey@example.com,,,,Walk-in,1956-03-25,,005F900000AExM4IAL,2025-02-01T13:22:17.000+0000,005F900000AExM4IAL,2025-02-01T13:22:17.000+0000,005F900000AExM4IAL,2025-02-01T13:22:17.000+0000,,,,,,,,,/services/images/photo/003F900001oSqrtIAC,,,Pending,,,,,10002212,,Cultural Connoisseurs,Nightlife & Entertainment,Family & Kids' Activities,Nature & Eco Tours,,,,,,,,,Ilsa,
003F900001oSqruIAC,,,001F900001pMcLjIAK,Jambrozek,Brittani,,Brittani Jambrozek,,,,,,,,,,95 Starling Crossing,Baton Rouge,Louisiana,70805,United States,,,,"{""city"":""Baton Rouge"",""country"":""United States"",""geocodeAccuracy"":null,""latitude"":null,""longitude"":null,""postalCode"":""70805"",""state"":""Louisiana"",""street"":""95 Starling Crossing""}",,,(412) 912-3976,(412) 912-3976,,,,brittanijambrozek@example.com,,,,Social Media,1986-04-09,,005F900000AExM4IAL,2025-02-01T13:22:17.000+0000,005F900000AExM4IAL,2025-02-01T13:22:17.000+0000,005F900000AExM4IAL,2025-02-01T13:22:17.000+0000,,,,,,,,,/services/images/photo/003F900001oSqruIAC,,,Pending,,,,,10009082,,Family Fun Seekers,Fitness & Exercise,Beaches & Snorkeling,Tennis & Pickleball,,,,,,,,,Brittani,
003F900001oSqrvIAC,,,001F900001pMcLkIAK,Fagge,Lelah,,Lelah Fagge,,,,,,,,,,05491 Sundown Way,Spring,Texas,77388,United States,,,,"{""city"":""Spring"",""country"":""United States"",""geocodeAccuracy"":null,""latitude"":null,""longitude"":null,""postalCode"":""77388"",""state"":""Texas"",""street"":""05491 Sundown Way""}",,,(905) 484-4442,(905) 484-4442,,,,lelahfagge@example.com,,,,Online Travel Agent,1961-01-08,,005F900000AExM4IAL,2025-02-01T13:22:17.000+0000,005F900000AExM4IAL,2025-02-01T13:22:17.000+0000,005F900000AExM4IAL,2025-02-01T13:22:17.000+0000,,,,,,,,,/services/images/photo/003F900001oSqrvIAC,,,Pending,,,,,10006463,,Solitude Seekers,Dining Experiences,Family & Kids' Activities,Golf,,,,,,,,,Lelah,
003F900001oSqrwIAC,,,001F900001pMcLlIAK,Mabbe,Luelle,,Luelle Mabbe,,,,,,,,,,67 Sunbrook Pass,Washington,District of Columbia,20016,United States,,,,"{""city"":""Washington"",""country"":""United States"",""geocodeAccuracy"":null,""latitude"":null,""longitude"":null,""postalCode"":""20016"",""state"":""District of Columbia"",""street"":""67 Sunbrook Pass""}",,,(579) 686-6956,(579) 686-6956,,,,luellemabbe@example.com,,,,Website,1981-05-02,,005F900000AExM4IAL,2025-02-01T13:22:17.000+0000,005F900000AExM4IAL,2025-02-01T13:22:17.000+0000,005F900000AExM4IAL,2025-02-01T13:22:17.000+0000,,,,,,,,,/services/images/photo/003F900001oSqrwIAC,,,Pending,,,,,10007453,,Eco-Luxury Travelers,Relaxation & Quiet Zones,Nightlife & Entertainment,Cultural Tours & Workshops,,,,,,,,,Luelle,
003F900001oSqrxIAC,,,001F900001pMcLmIAK,Padgham,Gasparo,,Gasparo Padgham,,,,,,,,,,04149 Tennessee Parkway,New Haven,Connecticut,06533,United States,,,,"{""city"":""New Haven"",""country"":""United States"",""geocodeAccuracy"":null,""latitude"":null,""longitude"":null,""postalCode"":""06533"",""state"":""Connecticut"",""street"":""04149 Tennessee Parkway""}",,,(300) 945-8510,(300) 945-8510,,,,gasparopadgham@example.com,,,,Advertising,1981-03-08,,005F900000AExM4IAL,2025-02-01T13:22:17.000+0000,005F900000AExM4IAL,2025-02-01T13:22:17.000+0000,005F900000AExM4IAL,2025-02-01T13:22:17.000+0000,,,,,,,,,/services/images/photo/003F900001oSqrxIAC,,,Pending,,,,,10004733,,Solitude Seekers,Golf,Family & Kids' Activities,Fitness & Exercise,,,,,,,,,Gasparo,
003F900001oSqroIAC,,,001F900001pMcLdIAK,Kaas,Ebba,,Ebba Kaas,,,,,,,,,,59127 Homewood Place,El Paso,Texas,79923,United States,,,,"{""city"":""El Paso"",""country"":""United States"",""geocodeAccuracy"":null,""latitude"":null,""longitude"":null,""postalCode"":""79923"",""state"":""Texas"",""street"":""59127 Homewood Place""}",,,(698) 342-4605,(698) 342-4605,,,,ebbakaas@example.com,,,,Advertising,1981-01-14,,005F900000AExM4IAL,2025-02-01T13:22:17.000+0000,005F900000AExM4IAL,2025-02-01T13:22:17.000+0000,005F900000AExM4IAL,2025-02-01T13:22:17.000+0000,,,,,,,,,/services/images/photo/003F900001oSqroIAC,,,Pending,,,,,10001298,,Wellness Seekers,Fitness & Exercise,Tennis & Pickleball,Family & Kids' Activities,,,,,,,,,Ebba,
003F900001oSqrzIAC,,,001F900001pMcLoIAK,Valentinuzzi,Irwin,,Irwin Valentinuzzi,,,,,,,,,,127 Dawn Park,Sacramento,California,94230,United States,,,,"{""city"":""Sacramento"",""country"":""United States"",""geocodeAccuracy"":null,""latitude"":null,""longitude"":null,""postalCode"":""94230"",""state"":""California"",""street"":""127 Dawn Park""}",,,(859) 508-4006,(859) 508-4006,,,,irwinvalentinuzzi@example.com,,,,Social Media,1974-03-27,,005F900000AExM4IAL,2025-02-01T13:22:17.000+0000,005F900000AExM4IAL,2025-02-01T13:22:17.000+0000,005F900000AExM4IAL,2025-02-01T13:22:17.000+0000,,,,,,,,,/services/images/photo/003F900001oSqrzIAC,,,Pending,,,,,10009985,,Romance Retreaters,Golf,Spa & Wellness,Dining Experiences,,,,,,,,,Irwin,
003F900001oSqs0IAC,,,001F900001pMcLpIAK,Hadland,Rosabel,,Rosabel Hadland,,,,,,,,,,22301 Old Shore Place,Las Vegas,Nevada,89135,United States,,,,"{""city"":""Las Vegas"",""country"":""United States"",""geocodeAccuracy"":null,""latitude"":null,""longitude"":null,""postalCode"":""89135"",""state"":""Nevada"",""street"":""22301 Old Shore Place""}",,,(940) 777-2594,(940) 777-2594,,,,rosabelhadland@example.com,,,,Website,1963-03-13,,005F900000AExM4IAL,2025-02-01T13:22:17.000+0000,005F900000AExM4IAL,2025-02-01T13:22:17.000+0000,005F900000AExM4IAL,2025-02-01T13:22:17.000+0000,,,,,,,,,/services/images/photo/003F900001oSqs0IAC,,,Pending,,,,,10008526,,Romance Retreaters,Family & Kids' Activities,Dining Experiences,Water Sports,,,,,,,,,Rosabel,
003F900001oSqs1IAC,,,001F900001pMcLqIAK,Yanov,Ruddy,,Ruddy Yanov,,,,,,,,,,0 Riverside Alley,Tacoma,Washington,98464,United States,,,,"{""city"":""Tacoma"",""country"":""United States"",""geocodeAccuracy"":null,""latitude"":null,""longitude"":null,""postalCode"":""98464"",""state"":""Washington"",""street"":""0 Riverside Alley""}",,,(391) 542-7648,(391) 542-7648,,,,ruddyyanov@example.com,,,,Advertising,1960-05-20,,005F900000AExM4IAL,2025-02-01T13:22:17.000+0000,005F900000AExM4IAL,2025-02-01T13:22:17.000+0000,005F900000AExM4IAL,2025-02-01T13:22:17.000+0000,,,,,,,,,/services/images/photo/003F900001oSqs1IAC,,,Pending,,,,,10007421,,Solitude Seekers,Nature & Eco Tours,Swimming Pools,Tennis & Pickleball,,,,,,,,,Ruddy,
003F900001oSqs2IAC,,,001F900001pMcLrIAK,Sach,Isaak,,Isaak Sach,,,,,,,,,,6456 Cottonwood Alley,Boulder,Colorado,80328,United States,,,,"{""city"":""Boulder"",""country"":""United States"",""geocodeAccuracy"":null,""latitude"":null,""longitude"":null,""postalCode"":""80328"",""state"":""Colorado"",""street"":""6456 Cottonwood Alley""}",,,(619) 836-5267,(619) 836-5267,,,,isaaksach@example.com,,,,Corporate Booking,2044-02-02,,005F900000AExM4IAL,2025-02-01T13:22:17.000+0000,005F900000AExM4IAL,2025-02-01T13:22:17.000+0000,005F900000AExM4IAL,2025-02-01T13:22:17.000+0000,,,,,,,,,/services/images/photo/003F900001oSqs2IAC,,,Pending,,,,,10002391,,Celebration Groups,Relaxation & Quiet Zones,Tennis & Pickleball,Beaches & Snorkeling,,,,,,,,,Isaak,
003F900001oSqs3IAC,,,001F900001pMcLsIAK,Rodriguez,Sofia,,Sofia Rodriguez,,,,,,,,,,3 6th Avenue,Minneapolis,Minnesota,55428,United States,,,,"{""city"":""Minneapolis"",""country"":""United States"",""geocodeAccuracy"":null,""latitude"":null,""longitude"":null,""postalCode"":""55428"",""state"":""Minnesota"",""street"":""3 6th Avenue""}",,,(612) 350-2240,(612) 350-2240,,,,sofiarodriguez@example.com,,,,Direct Mail,1979-08-13,,005F900000AExM4IAL,2025-02-01T13:22:17.000+0000,005F900000AExM4IAL,2025-02-01T13:22:17.000+0000,005F900000AExM4IAL,2025-02-01T13:22:17.000+0000,,,,,,,,,/services/images/photo/003F900001oSqs3IAC,,,Pending,,,,,10008155,,Cultural Connoisseurs,Adventure Activities,Beaches & Snorkeling,Fitness & Exercise,,,,,,,,,Sofi,
003F900001oSqryIAC,,,001F900001pMcLnIAK,Zavattari,Klement,,Klement Zavattari,,,,,,,,,,42 Fremont Point,Chicago,Illinois,60681,United States,,,,"{""city"":""Chicago"",""country"":""United States"",""geocodeAccuracy"":null,""latitude"":null,""longitude"":null,""postalCode"":""60681"",""state"":""Illinois"",""street"":""42 Fremont Point""}",,,(916) 401-9966,(916) 401-9966,,,,klementzavattari@example.com,,,,Online Travel Agent,1952-09-24,,005F900000AExM4IAL,2025-02-01T13:22:17.000+0000,005F900000AExM4IAL,2025-02-01T13:22:17.000+0000,005F900000AExM4IAL,2025-02-01T13:22:17.000+0000,,,,,,,,,/services/images/photo/003F900001oSqryIAC,,,Pending,,,,,10003190,,Family Fun Seekers,Dining Experiences,Water Sports,Spa & Wellness,,,,,,,,,Klement,
003F900001oSqs4IAC,,,,Doe,John,,John Doe,,,,,,,,,,,,,,,,,,,123-999-9955,,888-888-8888,,,,,email@sample.com,,,,,,,005F900000AExM4IAL,2025-02-01T13:22:17.000+0000,005F900000AExM4IAL,2025-02-01T13:22:17.000+0000,005F900000AExM4IAL,2025-02-01T13:22:17.000+0000,,,,,,,,,/services/images/photo/003F900001oSqs4IAC,,,Pending,,,,,,,,,,,,,,,,,,,,a04F900002MN7JjIAL
003F900001oSqrPIAS,,,001F900001pMcLMIA0,Gonzalez,Rose,Ms.,Rose Gonzalez,,,,,,,,,,"313 Constitution Place
Austin, TX 78767
USA",,,,,,,,"{""city"":null,""country"":null,""geocodeAccuracy"":null,""latitude"":null,""longitude"":null,""postalCode"":null,""state"":null,""street"":""313 Constitution Place\nAustin, TX 78767\nUSA""}",(512) 757-6000,(512) 757-9000,(512) 757-9340,,,,,rose@edge.com,"SVP, Procurement",Procurement,,Trade Show,1973-01-13,,005F900000AExM4IAL,2025-02-01T13:22:17.000+0000,005F900000AExM4IAL,2025-02-01T13:22:17.000+0000,005F900000AExM4IAL,2025-02-01T13:22:17.000+0000,,,,,,,,,/services/images/photo/003F900001oSqrPIAS,,,Pending,,Primary,English,,,,,,,,,,,,,,,,,
003F900001oSqrQIAS,,,001F900001pMcLMIA0,Forbes,Sean,Mr.,Sean Forbes,,,,,,,,,,"312 Constitution Place
Austin, TX 78767
USA",,,,,,,,"{""city"":null,""country"":null,""geocodeAccuracy"":null,""latitude"":null,""longitude"":null,""postalCode"":null,""state"":null,""street"":""312 Constitution Place\nAustin, TX 78767\nUSA""}",(512) 757-6000,(512) 757-9000,(512) 757-4561,,,,,sean@edge.com,CFO,Finance,,Trade Show,1951-10-12,,005F900000AExM4IAL,2025-02-01T13:22:17.000+0000,005F900000AExM4IAL,2025-02-01T13:22:17.000+0000,005F900000AExM4IAL,2025-02-01T13:22:17.000+0000,,,,,,,,,/services/images/photo/003F900001oSqrQIAS,,,Pending,,Secondary,English,,,,,,,,,,,,,,,,,
003F900001oSqrRIAS,,,001F900001pMcLNIA0,Rogers,Jack,Mr.,Jack Rogers,,,,,,,,,,525 S. Lexington Ave,Burlington,NC,27215,USA,,,,"{""city"":""Burlington"",""country"":""USA"",""geocodeAccuracy"":null,""latitude"":null,""longitude"":null,""postalCode"":""27215"",""state"":""NC"",""street"":""525 S. Lexington Ave""}",(336) 222-7000,(336) 222-8000,,,,,,jrogers@burlington.com,"VP, Facilities",,,Web,,,005F900000AExM4IAL,2025-02-01T13:22:17.000+0000,005F900000AExM4IAL,2025-02-01T13:22:17.000+0000,005F900000AExM4IAL,2025-02-01T13:22:17.000+0000,,,,,,,,,/services/images/photo/003F900001oSqrRIAS,,,Pending,,,,,,,,,,,,,,,,,,,,
003F900001oSqrTIAS,,,001F900001pMcLPIA0,Young,Andy,Mr,Andy Young,1301 Hoch Drive,Lawrence,KS,66045,USA,,,,"{""city"":""Lawrence"",""country"":""USA"",""geocodeAccuracy"":null,""latitude"":null,""longitude"":null,""postalCode"":""66045"",""state"":""KS"",""street"":""1301 Hoch Drive""}",1301 Hoch Drive,Lawrence,KS,66045,USA,,,,"{""city"":""Lawrence"",""country"":""USA"",""geocodeAccuracy"":null,""latitude"":null,""longitude"":null,""postalCode"":""66045"",""state"":""KS"",""street"":""1301 Hoch Drive""}",(785) 241-6200,,(785) 265-5350,,,,,a_young@dickenson.com,"SVP, Operations",Internal Operations,,Purchased List,,,005F900000AExM4IAL,2025-02-01T13:22:17.000+0000,005F900000AExM4IAL,2025-02-01T13:22:17.000+0000,005F900000AExM4IAL,2025-02-01T13:22:17.000+0000,,,,,,,,,/services/images/photo/003F900001oSqrTIAS,,,Pending,,Primary,English,,,,,,,,,,,,,,,,,
003F900001oSqrSIAS,,,001F900001pMcLOIA0,Stumuller,Pat,Ms.,Pat Stumuller,2 Place Jussieu,Paris,,75251,France,,,,"{""city"":""Paris"",""country"":""France"",""geocodeAccuracy"":null,""latitude"":null,""longitude"":null,""postalCode"":""75251"",""state"":null,""street"":""2 Place Jussieu""}",2 Place Jussieu,Paris,,75251,France,,,,"{""city"":""Paris"",""country"":""France"",""geocodeAccuracy"":null,""latitude"":null,""longitude"":null,""postalCode"":""75251"",""state"":null,""street"":""2 Place Jussieu""}",(014) 427-4427,(014) 427-4428,(014) 454-6364,,,(014) 427-4465,,pat@pyramid.net,"SVP, Administration and Finance",Finance,Jean Marie,,,,005F900000AExM4IAL,2025-02-01T13:22:17.000+0000,005F900000AExM4IAL,2025-02-01T13:22:17.000+0000,005F900000AExM4IAL,2025-02-01T13:22:17.000+0000,,,,,,,,,/services/images/photo/003F900001oSqrSIAS,,,Pending,,Primary,"French, English",,,,,,,,,,,,,,,,,
003F900001oSqrUIAS,,,001F900001pMcLQIA0,Barr,Tim,Mr.,Tim Barr,,,,,,,,,,"2335 N. Michigan Avenue, Suite 1500
Chicago, IL 60601, USA",,,,,,,,"{""city"":null,""country"":null,""geocodeAccuracy"":null,""latitude"":null,""longitude"":null,""postalCode"":null,""state"":null,""street"":""2335 N. Michigan Avenue, Suite 1500\nChicago, IL 60601, USA""}",(312) 596-1000,(312) 596-1500,(312) 596-1230,,,,,barr_tim@grandhotels.com,"SVP, Administration and Finance",Finance,,External Referral,1958-09-09,,005F900000AExM4IAL,2025-02-01T13:22:17.000+0000,005F900000AExM4IAL,2025-02-01T13:22:17.000+0000,005F900000AExM4IAL,2025-02-01T13:22:17.000+0000,,,,,,,,,/services/images/photo/003F900001oSqrUIAS,,,Pending,,Secondary,English,,,,,,,,,,,,,,,,,
003F900001oSqrVIAS,,,001F900001pMcLQIA0,Bond,John,Mr.,John Bond,,,,,,,,,,"2334 N. Michigan Avenue, Suite 1500
Chicago, IL 60601, USA",,,,,,,,"{""city"":null,""country"":null,""geocodeAccuracy"":null,""latitude"":null,""longitude"":null,""postalCode"":null,""state"":null,""street"":""2334 N. Michigan Avenue, Suite 1500\nChicago, IL 60601, USA""}",(312) 596-1000,(312) 596-1500,(312) 596-1563,,,,,bond_john@grandhotels.com,"VP, Facilities",Facilities,,External Referral,1960-11-20,,005F900000AExM4IAL,2025-02-01T13:22:17.000+0000,005F900000AExM4IAL,2025-02-01T13:22:17.000+0000,005F900000AExM4IAL,2025-02-01T13:22:17.000+0000,,,,,,,,,/services/images/photo/003F900001oSqrVIAS,,,Pending,,Primary,English,,,,,,,,,,,,,,,,,
003F900001oSqrYIAS,,,001F900001pMcLSIA0,Levy,Babara,Ms.,Babara Levy,,,,,,,,,,"620 SW 5th Avenue Suite 400
Portland, Oregon 97204
United States",,,,,,,,"{""city"":null,""country"":null,""geocodeAccuracy"":null,""latitude"":null,""longitude"":null,""postalCode"":null,""state"":null,""street"":""620 SW 5th Avenue Suite 400\nPortland, Oregon 97204\nUnited States""}",(503) 421-7800,(503) 421-7801,(503) 421-5451,,,(503) 421-6782,,b.levy@example.com,"SVP, Operations",Operations,Ron Sage,Word of mouth,1941-12-21,,005F900000AExM4IAL,2025-02-01T13:22:17.000+0000,005F900000AExM4IAL,2025-02-01T13:22:17.000+0000,005F900000AExM4IAL,2025-02-01T13:22:17.000+0000,,,,,,,,,/services/images/photo/003F900001oSqrYIAS,,,Pending,,Primary,English,,,,,,,,,,,,,,,,,
003F900001oSqrWIAS,,,001F900001pMcLRIA0,Pavlova,Stella,Ms.,Stella Pavlova,,,,,,,,,,"1303 Avenue of the Americas 
New York, NY 10019
USA",,,,,,,,"{""city"":null,""country"":null,""geocodeAccuracy"":null,""latitude"":null,""longitude"":null,""postalCode"":null,""state"":null,""street"":""1303 Avenue of the Americas \nNew York, NY 10019\nUSA""}",(212) 842-5500,(212) 842-5501,(212) 842-5501,,(212) 842-5543,(212) 842-5589,,spavlova@uog.com,"SVP, Production",Production,Audrey Haynes,Public Relations,1948-05-06,,005F900000AExM4IAL,2025-02-01T13:22:17.000+0000,005F900000AExM4IAL,2025-02-01T13:22:17.000+0000,005F900000AExM4IAL,2025-02-01T13:22:17.000+0000,,,,,,,,,/services/images/photo/003F900001oSqrWIAS,,,Pending,,Tertiary,English,,,,,,,,,,,,,,,,,
003F900001oSqrZIAS,,,001F900001pMcLSIA0,Davis,Josh,Mr.,Josh Davis,,,,,,,,,,"621 SW 5th Avenue Suite 400
Portland, Oregon 97204
United States",,,,,,,,"{""city"":null,""country"":null,""geocodeAccuracy"":null,""latitude"":null,""longitude"":null,""postalCode"":null,""state"":null,""street"":""621 SW 5th Avenue Suite 400\nPortland, Oregon 97204\nUnited States""}",(503) 421-7800,(503) 421-7801,(503) 421-4387,,,,,j.davis@example.com,"Director, Warehouse Mgmt",Warehouse Mgmt,,Word of mouth,1953-04-16,,005F900000AExM4IAL,2025-02-01T13:22:17.000+0000,005F900000AExM4IAL,2025-02-01T13:22:17.000+0000,005F900000AExM4IAL,2025-02-01T13:22:17.000+0000,,,,,,,,,/services/images/photo/003F900001oSqrZIAS,,,Pending,,Secondary,English,,,,,,,,,,,,,,,,,
003F900001oSqraIAC,,,001F900001pMcLTIA0,Grey,Jane,Ms.,Jane Grey,,,,,,,,,,"888 N Euclid 
Hallis Center, Room 501
Tucson, AZ 85721
United States",,,,,,,,"{""city"":null,""country"":null,""geocodeAccuracy"":null,""latitude"":null,""longitude"":null,""postalCode"":null,""state"":null,""street"":""888 N Euclid \nHallis Center, Room 501\nTucson, AZ 85721\nUnited States""}",(520) 773-9050,(520) 773-9060,(520) 773-4539,,,,,jane_gray@uoa.edu,Dean of Administration,Administration,,Word of mouth,1949-03-03,,005F900000AExM4IAL,2025-02-01T13:22:17.000+0000,005F900000AExM4IAL,2025-02-01T13:22:17.000+0000,005F900000AExM4IAL,2025-02-01T13:22:17.000+0000,,,,,,,,,/services/images/photo/003F900001oSqraIAC,,,Pending,,Primary,English,,,,,,,,,,,,,,,,,
003F900001oSqrbIAC,,,001F900001pMcLRIA0,Song,Arthur,Mr.,Arthur Song,,,,,,,,,,"1301 Avenue of the Americas 
New York, NY 10019
USA",,,,,,,,"{""city"":null,""country"":null,""geocodeAccuracy"":null,""latitude"":null,""longitude"":null,""postalCode"":null,""state"":null,""street"":""1301 Avenue of the Americas \nNew York, NY 10019\nUSA""}",(212) 842-5500,(212) 842-5501,(212) 842-4535,,,(212) 842-5464,,asong@uog.com,CEO,Executive Team,Pat Feinstein,Public Relations,1956-09-01,,005F900000AExM4IAL,2025-02-01T13:22:17.000+0000,005F900000AExM4IAL,2025-02-01T13:22:17.000+0000,005F900000AExM4IAL,2025-02-01T13:22:17.000+0000,,,,,,,,,/services/images/photo/003F900001oSqrbIAC,,,Pending,,Secondary,English,,,,,,,,,,,,,,,,,
003F900001oSqrcIAC,,,001F900001pMcLUIA0,James,Ashley,Ms.,Ashley James,,,,,,,,,,"Kings Park, 17th Avenue, Team Valley Trading Estate,
Gateshead, Tyne and Wear NE26 3HS
United Kingdom",,,,,,,,"{""city"":null,""country"":null,""geocodeAccuracy"":null,""latitude"":null,""longitude"":null,""postalCode"":null,""state"":null,""street"":""Kings Park, 17th Avenue, Team Valley Trading Estate,\nGateshead, Tyne and Wear NE26 3HS\nUnited Kingdom""}",+44 191 4956203,+44 191 4956620,+44 191 3456234,,,,,ajames@uog.com,"VP, Finance",Finance,,Public Relations,1951-05-12,,005F900000AExM4IAL,2025-02-01T13:22:17.000+0000,005F900000AExM4IAL,2025-02-01T13:22:17.000+0000,005F900000AExM4IAL,2025-02-01T13:22:17.000+0000,,,,,,,,,/services/images/photo/003F900001oSqrcIAC,,,Pending,,Primary,English,,,,,,,,,,,,,,,,,
003F900001oSqrdIAC,,,001F900001pMcLVIA0,Ripley,Tom,Mr.,Tom Ripley,,,,,,,,,,"9 Tagore Lane
Singapore, Singapore 787472
Singapore",,,,,,,,"{""city"":null,""country"":null,""geocodeAccuracy"":null,""latitude"":null,""longitude"":null,""postalCode"":null,""state"":null,""street"":""9 Tagore Lane\nSingapore, Singapore 787472\nSingapore""}",(650) 450-8810,(650) 450-8820,(650) 345-7636,,,,,tripley@uog.com,Regional General Manager,Executive Team,,Public Relations,1955-07-09,,005F900000AExM4IAL,2025-02-01T13:22:17.000+0000,005F900000AExM4IAL,2025-02-01T13:22:17.000+0000,005F900000AExM4IAL,2025-02-01T13:22:17.000+0000,,,,,,,,,/services/images/photo/003F900001oSqrdIAC,,,Pending,,Primary,English,,,,,,,,,,,,,,,,,
003F900001oSqreIAC,,,001F900001pMcLVIA0,D'Cruz,Liz,Ms.,Liz D'Cruz,,,,,,,,,,"10 Tagore Lane
Singapore, Singapore 787472
Singapore",,,,,,,,"{""city"":null,""country"":null,""geocodeAccuracy"":null,""latitude"":null,""longitude"":null,""postalCode"":null,""state"":null,""street"":""10 Tagore Lane\nSingapore, Singapore 787472\nSingapore""}",(650) 450-8810,(650) 450-8820,(650) 345-6637,,,,,ldcruz@uog.com,"VP, Production",Production,,Public Relations,1966-10-19,,005F900000AExM4IAL,2025-02-01T13:22:17.000+0000,005F900000AExM4IAL,2025-02-01T13:22:17.000+0000,005F900000AExM4IAL,2025-02-01T13:22:17.000+0000,,,,,,,,,/services/images/photo/003F900001oSqreIAC,,,Pending,,Secondary,English,,,,,,,,,,,,,,,,,
003F900001oSqrfIAC,,,001F900001pMcLWIA0,Frank,Edna,Ms.,Edna Frank,,,,,,,,,,"345 Shoreline Park
Mountain View, CA 94043
USA",,,,,,,,"{""city"":null,""country"":null,""geocodeAccuracy"":null,""latitude"":null,""longitude"":null,""postalCode"":null,""state"":null,""street"":""345 Shoreline Park\nMountain View, CA 94043\nUSA""}",(650) 867-3450,(650) 867-9895,(650) 867-7686,,,,,efrank@genepoint.com,"VP, Technology",Technology,,Partner,1947-03-26,,005F900000AExM4IAL,2025-02-01T13:22:17.000+0000,005F900000AExM4IAL,2025-02-01T13:22:17.000+0000,005F900000AExM4IAL,2025-02-01T13:22:17.000+0000,,,,,,,,,/services/images/photo/003F900001oSqrfIAC,,,Pending,,Primary,English,,,,,,,,,,,,,,,,,
003F900001oSqrgIAC,,,001F900001pMcLRIA0,Green,Avi,Mr.,Avi Green,,,,,,,,,,"1302 Avenue of the Americas 
New York, NY 10019
USA",,,,,,,,"{""city"":null,""country"":null,""geocodeAccuracy"":null,""latitude"":null,""longitude"":null,""postalCode"":null,""state"":null,""street"":""1302 Avenue of the Americas \nNew York, NY 10019\nUSA""}",(212) 842-5500,(212) 842-5501,(212) 842-2383,,,(212) 842-5428,,agreen@uog.com,CFO,Finance,Chris Nobel,Public Relations,1938-08-13,,005F900000AExM4IAL,2025-02-01T13:22:17.000+0000,005F900000AExM4IAL,2025-02-01T13:22:17.000+0000,005F900000AExM4IAL,2025-02-01T13:22:17.000+0000,,,,,,,,,/services/images/photo/003F900001oSqrgIAC,,,Pending,,Primary,English,,,,,,,,,,,,,,,,,
003F900001oSqrhIAC,,,001F900001pMcLXIA0,Nedaerk,Siddartha,Ms.,Siddartha Nedaerk,,,,,,,,,,The Landmark @ One Market,San Francisco,CA,94087,US,,,,"{""city"":""San Francisco"",""country"":""US"",""geocodeAccuracy"":null,""latitude"":null,""longitude"":null,""postalCode"":""94087"",""state"":""CA"",""street"":""The Landmark @ One Market""}",,,,,,,,,,,,,,,005F900000AExM4IAL,2025-02-01T13:22:17.000+0000,005F900000AExM4IAL,2025-02-01T13:22:17.000+0000,005F900000AExM4IAL,2025-02-01T13:22:17.000+0000,,,,,,,,,/services/images/photo/003F900001oSqrhIAC,,,Pending,,,,,,,,,,,,,,,,,,,,
003F900001oSqriIAC,,,001F900001pMcLXIA0,Llorrac,Jake,Mr.,Jake Llorrac,,,,,,,,,,,,,,,,,,,,,,,,,,,,,,,,,005F900000AExM4IAL,2025-02-01T13:22:17.000+0000,005F900000AExM4IAL,2025-02-01T13:22:17.000+0000,005F900000AExM4IAL,2025-02-01T13:22:17.000+0000,,,,,,,,,/services/images/photo/003F900001oSqriIAC,,,Pending,,,,,,,,,,,,,,,,,,,,
003F900001oSqrjIAC,,,001F900001pMcLYIA0,Tailour,Pernell,,Pernell Tailour,,,,,,,,,,7 Hudson Parkway,Seattle,Washington,98195,United States,,,,"{""city"":""Seattle"",""country"":""United States"",""geocodeAccuracy"":null,""latitude"":null,""longitude"":null,""postalCode"":""98195"",""state"":""Washington"",""street"":""7 Hudson Parkway""}",,,(374) 608-5315,(374) 608-5315,,,,pernelltailour@example.com,,,,Direct Mail,1950-03-26,,005F900000AExM4IAL,2025-02-01T13:22:17.000+0000,005F900000AExM4IAL,2025-02-01T13:22:17.000+0000,005F900000AExM4IAL,2025-02-01T13:22:17.000+0000,,,,,,,,,/services/images/photo/003F900001oSqrjIAC,,,Pending,,,,,10004636,,Solitude Seekers,Relaxation & Quiet Zones,Dining Experiences,Adventure Activities,,,,,,,,,Pernell,
003F900001oSqrXIAS,,,001F900001pMcLRIA0,Boyle,Lauren,Ms.,Lauren Boyle,,,,,,,,,,"1304 Avenue of the Americas 
New York, NY 10019
USA",,,,,,,,"{""city"":null,""country"":null,""geocodeAccuracy"":null,""latitude"":null,""longitude"":null,""postalCode"":null,""state"":null,""street"":""1304 Avenue of the Americas \nNew York, NY 10019\nUSA""}",(212) 842-5500,(212) 842-5501,(212) 842-5611,,,,,lboyle@uog.com,"SVP, Technology",Technology,,Public Relations,1965-06-19,,005F900000AExM4IAL,2025-02-01T13:22:17.000+0000,005F900000AExM4IAL,2025-02-01T13:22:17.000+0000,005F900000AExM4IAL,2025-02-01T13:22:17.000+0000,,,,,,,,,/services/images/photo/003F900001oSqrXIAS,,,Pending,,Secondary,English,,,,,,,,,,,,,,,,,
