Id,OwnerId,IsDeleted,Name,CreatedDate,CreatedById,LastModifiedDate,LastModifiedById,SystemModstamp,LastViewedDate,LastReferencedDate,Birth_Date__c,Email__c,First_Name__c,Guest_ID__c,Phone_Number__c,Surname__c
a01F900001VVFNFIA5,005F900000AExM4IAL,,EG-00000003,2025-02-01T13:22:17.000+0000,005F900000AExM4IAL,2025-02-01T13:22:17.000+0000,005F900000AExM4IAL,2025-02-01T13:22:17.000+0000,2025-02-11T19:44:08.000+0000,2025-02-11T19:44:08.000+0000,,enricalabrow@example.com,Enrica,10001714,(886) 132-3994,Labrow
a01F900001VVFNIIA5,005F900000AExM4IAL,,EG-00000001,2025-02-01T13:22:17.000+0000,005F900000AExM4IAL,2025-02-01T13:22:17.000+0000,005F900000AExM4IAL,2025-02-01T13:22:17.000+0000,,,,ebbakaas@example.com,Ebba,10001298,(698) 342-4605,Kaas
a01F900001VVFNRIA5,005F900000AExM4IAL,,EG-00000013,2025-02-01T13:22:17.000+0000,005F900000AExM4IAL,2025-02-01T13:22:17.000+0000,005F900000AExM4IAL,2025-02-01T13:22:17.000+0000,,,,tomasiannetti@example.com,Tomas,10006389,(420) 288-7735,Iannetti
a01F900001VVFNSIA5,005F900000AExM4IAL,,EG-00000014,2025-02-01T13:22:17.000+0000,005F900000AExM4IAL,2025-02-01T13:22:17.000+0000,005F900000AExM4IAL,2025-02-01T13:22:17.000+0000,,,,lelahfagge@example.com,Lelah,10006463,(905) 484-4442,Fagge
a01F900001VVFNUIA5,005F900000AExM4IAL,,EG-00000016,2025-02-01T13:22:17.000+0000,005F900000AExM4IAL,2025-02-01T13:22:17.000+0000,005F900000AExM4IAL,2025-02-01T13:22:17.000+0000,,,,ruddyyanov@example.com,Ruddy,10007421,(391) 542-7648,Yanov
a01F900001VVFNXIA5,005F900000AExM4IAL,,EG-00000022,2025-02-01T13:22:17.000+0000,005F900000AExM4IAL,2025-02-01T13:22:17.000+0000,005F900000AExM4IAL,2025-02-01T13:22:17.000+0000,,,,rosabelhadland@example.com,Rosabel,10008526,(940) 777-2594,Hadland
a01F900001VVFNPIA5,005F900000AExM4IAL,,EG-00000011,2025-02-01T13:22:17.000+0000,005F900000AExM4IAL,2025-02-01T13:22:17.000+0000,005F900000AExM4IAL,2025-02-01T13:22:17.000+0000,,,,gasparopadgham@example.com,Gasparo,10004733,(300) 945-8510,Padgham
a01F900001VVFNWIA5,005F900000AExM4IAL,,EG-00000018,2025-02-01T13:22:17.000+0000,005F900000AExM4IAL,2025-02-01T13:22:17.000+0000,005F900000AExM4IAL,2025-02-01T13:22:17.000+0000,,,,kittiwaddingham@example.com,Kitti,10007460,135-115-9482,Waddingham
a01F900001VVFNaIAP,005F900000AExM4IAL,,EG-00000021,2025-02-01T13:22:17.000+0000,005F900000AExM4IAL,2025-02-01T13:22:17.000+0000,005F900000AExM4IAL,2025-02-01T13:22:17.000+0000,,,,lillianuebel@example.com,Lillian,10008432,(715) 480-2918,Uebel
a01F900001VVFNMIA5,005F900000AExM4IAL,,EG-00000008,2025-02-01T13:22:17.000+0000,005F900000AExM4IAL,2025-02-01T13:22:17.000+0000,005F900000AExM4IAL,2025-02-01T13:22:17.000+0000,,,,roddyeagleston@example.com,Roddy,10003210,(477) 949-2872,Eagleston
a01F900001VVFNbIAP,005F900000AExM4IAL,,EG-00000023,2025-02-01T13:22:17.000+0000,005F900000AExM4IAL,2025-02-01T13:22:17.000+0000,005F900000AExM4IAL,2025-02-01T13:22:17.000+0000,,,,brittanijambrozek@example.com,Brittani,10009082,(412) 912-3976,Jambrozek
a01F900001VVFNKIA5,005F900000AExM4IAL,,EG-00000006,2025-02-01T13:22:17.000+0000,005F900000AExM4IAL,2025-02-01T13:22:17.000+0000,005F900000AExM4IAL,2025-02-01T13:22:17.000+0000,,,,shellio'callaghan@example.com,Shelli,10002533,(337) 887-5484,O'Callaghan
a01F900001VVFNGIA5,005F900000AExM4IAL,,EG-00000005,2025-02-01T13:22:17.000+0000,005F900000AExM4IAL,2025-02-01T13:22:17.000+0000,005F900000AExM4IAL,2025-02-01T13:22:17.000+0000,,,,isaaksach@example.com,Isaak,10002391,(619) 836-5267,Sach
a01F900001VVFNTIA5,005F900000AExM4IAL,,EG-00000015,2025-02-01T13:22:17.000+0000,005F900000AExM4IAL,2025-02-01T13:22:17.000+0000,005F900000AExM4IAL,2025-02-01T13:22:17.000+0000,,,,curcionacci@example.com,Curcio,10007130,(944) 892-9609,Nacci
a01F900001VVFNHIA5,005F900000AExM4IAL,,EG-00000004,2025-02-01T13:22:17.000+0000,005F900000AExM4IAL,2025-02-01T13:22:17.000+0000,005F900000AExM4IAL,2025-02-01T13:22:17.000+0000,,,,ilsagalgey@example.com,Ilsa,10002212,(210) 169-1271,Galgey
a01F900001VVFNYIA5,005F900000AExM4IAL,,EG-00000019,2025-02-01T13:22:17.000+0000,005F900000AExM4IAL,2025-02-01T13:22:17.000+0000,005F900000AExM4IAL,2025-02-01T13:22:17.000+0000,,,,rafd'ruel@example.com,Raf,10007480,(824) 695-8052,D'Ruel
a01F900001VVFNJIA5,005F900000AExM4IAL,,EG-00000002,2025-02-01T13:22:17.000+0000,005F900000AExM4IAL,2025-02-01T13:22:17.000+0000,005F900000AExM4IAL,2025-02-01T13:22:17.000+0000,,,,garveyabrehart@example.com,Garvey,10001379,(841) 238-1530,Abrehart
a01F900001VVFNLIA5,005F900000AExM4IAL,,EG-00000007,2025-02-01T13:22:17.000+0000,005F900000AExM4IAL,2025-02-01T13:22:17.000+0000,005F900000AExM4IAL,2025-02-01T13:22:17.000+0000,,,,klementzavattari@example.com,Klement,10003190,(916) 401-9966,Zavattari
a01F900001VVFNZIA5,005F900000AExM4IAL,,EG-00000020,2025-02-01T13:22:17.000+0000,005F900000AExM4IAL,2025-02-01T13:22:17.000+0000,005F900000AExM4IAL,2025-02-01T13:22:17.000+0000,,,,sofiarodriguez@example.com,Sofia,10008155,(612) 350-2240,Rodriguez
a01F900001VVFNcIAP,005F900000AExM4IAL,,EG-00000024,2025-02-01T13:22:17.000+0000,005F900000AExM4IAL,2025-02-01T13:22:17.000+0000,005F900000AExM4IAL,2025-02-01T13:22:17.000+0000,,,,irwinvalentinuzzi@example.com,Irwin,10009985,(859) 508-4006,Valentinuzzi
a01F900001VVFNNIA5,005F900000AExM4IAL,,EG-00000009,2025-02-01T13:22:17.000+0000,005F900000AExM4IAL,2025-02-01T13:22:17.000+0000,005F900000AExM4IAL,2025-02-01T13:22:17.000+0000,,,,townycakebread@example.com,Towny,10004164,(458) 102-1460,Cakebread
a01F900001VVFNOIA5,005F900000AExM4IAL,,EG-00000010,2025-02-01T13:22:17.000+0000,005F900000AExM4IAL,2025-02-01T13:22:17.000+0000,005F900000AExM4IAL,2025-02-01T13:22:17.000+0000,,,,pernelltailour@example.com,Pernell,10004636,(374) 608-5315,Tailour
a01F900001VVFNQIA5,005F900000AExM4IAL,,EG-00000012,2025-02-01T13:22:17.000+0000,005F900000AExM4IAL,2025-02-01T13:22:17.000+0000,005F900000AExM4IAL,2025-02-01T13:22:17.000+0000,,,,rosybabst@example.com,Rosy,10005541,(244) 279-3596,Babst
a01F900001VVFNVIA5,005F900000AExM4IAL,,EG-00000017,2025-02-01T13:22:17.000+0000,005F900000AExM4IAL,2025-02-01T13:22:17.000+0000,005F900000AExM4IAL,2025-02-01T13:22:17.000+0000,,,,luellemabbe@example.com,Luelle,10007453,(579) 686-6956,Mabbe
